Metric,Value
Accuracy,0.91238808697241
Precision,0.9528105599409815
Recall,0.91238808697241
F1 Score,0.9269991787381682
