Metric,Value
Accuracy,0.8751141969669286
Precision,0.9422951943535709
Recall,0.8751141969669286
F1 Score,0.8998633688095576
