Metric,Value
Accuracy,0.9635483281564041
Precision,0.9693109717367459
Recall,0.9635483281564041
F1 Score,0.9655741811950059
