Metric,Value
Accuracy,0.938607710579207
Precision,0.9573660759022167
Recall,0.938607710579207
F1 Score,0.945263186096288
